<?xml version="1.0" encoding="UTF-8"?>
<project-private xmlns="http://www.netbeans.org/ns/project-private/1">
    <editor-bookmarks xmlns="http://www.netbeans.org/ns/editor-bookmarks/2" lastBookmarkId="0"/>
    <open-files xmlns="http://www.netbeans.org/ns/projectui-open-files/2">
        <group>
            <file>file:/D:/Clone/UIT/IS216_Java/ThucHanh/Lab5/QLKB_Cau2_ManHinh4/src/qlkb/QLKB.java</file>
            <file>file:/D:/Clone/UIT/IS216_Java/ThucHanh/Lab5/QLKB_Cau2_ManHinh4/src/qlkb/ThanhToanForm.java</file>
            <file>file:/D:/Clone/UIT/IS216_Java/ThucHanh/Lab5/QLKB_Cau2_ManHinh4/src/qlkb/DBConnect.java</file>
        </group>
    </open-files>
</project-private>
